page,index,repo,owner,name,type,authors,commits,pulls,issues,comments,reviews
1,0,elementor/elementor,elementor,elementor,Organization,13837,24530,5123,11234,49796,6894
1,1,wp-graphql/wp-graphql,wp-graphql,wp-graphql,Organization,932,3742,1029,1037,6317,1127
1,2,airesvsg/acf-to-rest-api,airesvsg,acf-to-rest-api,User,770,51,18,372,1301,7
1,3,leonstafford/wp2static,leonstafford,wp2static,User,342,4258,179,553,1860,84
1,4,soberwp/intervention,soberwp,intervention,Organization,49,291,43,47,256,9
1,5,roots/wp-password-bcrypt,roots,wp-password-bcrypt,Organization,41,44,16,13,87,2
1,6,wp-media/wp-rocket,wp-media,wp-rocket,Organization,848,8045,1855,2523,11640,4219
1,7,lukecav/awesome-gravity-forms,lukecav,awesome-gravity-forms,User,15,309,13,5,13,1
1,8,MoePlayer/Hermit-X,moeplayer,hermit-x,Organization,70,338,69,93,355,74
1,9,yeswework/fabrica-dev-kit,yeswework,fabrica-dev-kit,Organization,29,595,5,37,125,0
1,10,WPTT/theme-sniffer,wptt,theme-sniffer,Organization,70,410,114,113,743,161
1,11,leoloso/PoP,leoloso,pop,User,8,8594,853,261,269,8
1,12,stayallive/wp-sentry,stayallive,wp-sentry,User,102,328,36,66,385,41
1,13,ahmedkaludi/accelerated-mobile-pages,ahmedkaludi,accelerated-mobile-pages,User,748,7454,284,4855,13458,48
1,14,BracketSpace/Notification,bracketspace,notification,Organization,121,1948,226,153,851,151
1,15,BeAPI/acf-options-for-polylang,beapi,acf-options-for-polylang,Organization,96,133,20,60,255,6
1,16,litespeedtech/lscache_wp,litespeedtech,lscache_wp,User,155,3268,260,147,542,74
1,17,wpengine/phpcompat,wpengine,phpcompat,Organization,203,646,110,187,373,89
1,18,kamalkhan/kk-star-ratings,kamalkhan,kk-star-ratings,User,117,470,19,91,153,1
1,19,anthonybudd/WP_Model,anthonybudd,wp_model,User,11,128,7,5,6,0
1,20,Lorti/dominant-colors-lazy-loading-wordpress-plugin,lorti,dominant-colors-lazy-loading-wordpress-plugin,User,12,101,15,13,66,2
1,21,bigfa/nm,bigfa,nm,User,23,54,1,21,21,0
1,22,duracelltomi/gtm4wp,duracelltomi,gtm4wp,User,133,530,48,149,557,2
1,23,dmhendricks/wordpress-base-plugin,dmhendricks,wordpress-base-plugin,User,6,271,0,8,26,0
1,24,inpsyde/menu-cache,inpsyde,menu-cache,Organization,9,33,6,6,33,10
1,25,rock-solid/wordpress-progressive-web-apps,rock-solid,wordpress-progressive-web-apps,Organization,8,201,9,11,3,0
1,26,betterangels/buoy,betterangels,buoy,Organization,21,459,79,147,213,20
1,27,MinnPost/object-sync-for-salesforce,minnpost,object-sync-for-salesforce,Organization,64,2304,155,272,1074,72
1,28,sgtpep/woocommerce-1c,sgtpep,woocommerce-1c,User,47,473,29,35,157,2
1,29,sybrew/The-SEO-Framework-Extension-Manager,sybrew,the-seo-framework-extension-manager,User,36,338,2,38,114,0
1,30,sformisano/jetrouter,sformisano,jetrouter,User,8,6,2,14,8,0
1,31,0aveRyan/patterns,0averyan,patterns,User,3,1,0,1,0,0
1,32,Yoast/yoast-acf-analysis,yoast,yoast-acf-analysis,Organization,156,622,167,130,679,68
1,33,stevegrunwell/schemify,stevegrunwell,schemify,User,6,174,4,11,16,3
1,34,swissspidy/preferred-languages,swissspidy,preferred-languages,User,30,607,343,59,598,7
1,35,WordPress/wordpress-importer,wordpress,wordpress-importer,Organization,96,94,61,50,212,63
1,36,godaddy/wp-reseller-store,godaddy,wp-reseller-store,Organization,36,485,88,32,187,94
1,37,thebrandonallen/wp-fail2ban-redux,thebrandonallen,wp-fail2ban-redux,User,18,176,8,17,34,0
1,38,AyeCode/userswp,ayecode,userswp,Organization,25,1178,301,305,359,1
1,39,nanodesigns/nanosupport,nanodesigns,nanosupport,Organization,42,487,12,96,315,0
1,40,Lewiscowles1986/WordPressSVGPlugin,lewiscowles1986,wordpresssvgplugin,User,8,54,19,26,72,11
1,41,straube/multiple-domain,straube,multiple-domain,User,48,199,23,59,174,10
1,42,petenelson/wp-rest-api-toolbox,petenelson,wp-rest-api-toolbox,User,5,157,25,19,7,0
1,43,JoryHogeveen/view-admin-as,joryhogeveen,view-admin-as,User,15,1656,32,89,78,1
1,44,wpshopify/wp-shopify,wpshopify,wp-shopify,Organization,23,204,2,120,114,0
1,45,fabacab/wp-pgp-encrypted-emails,fabacab,wp-pgp-encrypted-emails,User,29,97,10,34,269,16
1,46,factmaven/disable-blogging,factmaven,disable-blogging,Organization,13,161,11,10,52,9
1,47,WidgetOptions/widget-options,widgetoptions,widget-options,Organization,89,262,38,82,200,0
1,48,kontur/fontsampler-wordpress-plugin,kontur,fontsampler-wordpress-plugin,User,30,419,2,178,301,0
1,49,digitoimistodude/image-hashtag-feed,digitoimistodude,image-hashtag-feed,Organization,6,34,2,3,4,0
1,50,techies23/video-conference-zoom,techies23,video-conference-zoom,User,6,447,48,0,1,0
1,51,mecachisenros/cf-civicrm,mecachisenros,cf-civicrm,User,94,778,61,148,589,22
1,52,ArcFramework/framework,arcframework,framework,Organization,2,431,9,4,3,0
1,53,kaisermann/selene,kaisermann,selene,User,3,777,15,3,2,0
1,54,mlooft/multi-step-form,mlooft,multi-step-form,User,13,1042,11,6,9,0
1,55,xunhuweb/WeiXin-Payments-for-WooCommerce,xunhuweb,weixin-payments-for-woocommerce,User,2,18,0,1,1,0
1,56,alexmacarthur/wp-complete-open-graph,alexmacarthur,wp-complete-open-graph,User,4,52,15,24,8,0
1,57,RocketChat/WordPressPlugin,rocketchat,wordpressplugin,Organization,30,44,14,15,45,6
1,58,cloudinary/cloudinary_wordpress,cloudinary,cloudinary_wordpress,Organization,65,2342,527,29,1006,812
1,59,felixarntz/attachment-taxonomies,felixarntz,attachment-taxonomies,User,15,79,3,16,25,0
1,60,stevegrunwell/mcavoy,stevegrunwell,mcavoy,User,1,136,0,27,9,0
1,61,tillkruss/email-encoder,tillkruss,email-encoder,User,10,159,5,9,59,4
1,62,themarcusbattle/press-sync,themarcusbattle,press-sync,User,12,391,37,12,121,113
1,63,r-a-y/unlisted,r-a-y,unlisted,User,6,11,1,6,21,0
1,64,stevegrunwell/wp404,stevegrunwell,wp404,User,4,43,2,6,6,0
1,65,pyronaur/easy-photography-portfolio,pyronaur,easy-photography-portfolio,User,14,725,11,11,71,11
1,66,samjco/ACF-PHP-VARS,samjco,acf-php-vars,User,3,32,0,2,1,0
1,67,houke/color-palette-generator,houke,color-palette-generator,User,3,52,0,5,24,0
1,68,dcooney/instant-images,dcooney,instant-images,User,15,59,6,11,31,0
1,69,getdave/wp-intervention,getdave,wp-intervention,User,8,46,10,8,15,0
1,70,Joel-James/lazy-load-for-comments,joel-james,lazy-load-for-comments,User,13,72,12,14,22,0
1,71,hiwelo/raccoon-plugin,hiwelo,raccoon-plugin,User,7,151,19,20,18,1
1,72,AlexaCRM/integration-dynamics,alexacrm,integration-dynamics,Organization,27,524,4,25,92,5
1,73,satwinderrathore/CMB2-radio-image,satwinderrathore,cmb2-radio-image,User,5,6,1,4,2,0
1,74,iandunn/compassionate-comments,iandunn,compassionate-comments,User,1,54,0,0,0,0
1,75,Automattic/WPCOM-Legacy-Redirector,automattic,wpcom-legacy-redirector,Organization,39,259,73,36,495,185
1,76,godaddy-wordpress/contact-widgets,godaddy-wordpress,contact-widgets,Organization,39,347,67,32,184,51
1,77,MCNewsTools/MCServerStatus-WordPressWidget,mcnewstools,mcserverstatus-wordpresswidget,Organization,10,33,6,6,50,2
1,78,affilicious/affilicious,affilicious,affilicious,Organization,3,946,0,0,0,0
1,79,dfmedia/DFM-Transients,dfmedia,dfm-transients,Organization,4,97,21,35,9,6
1,80,cipherdevgroup/find-shortcodes,cipherdevgroup,find-shortcodes,Organization,1,19,0,4,0,0
1,81,SeedWebs/seed-fonts,seedwebs,seed-fonts,Organization,11,139,4,10,17,0
1,82,geminilabs/site-reviews-v2,geminilabs,site-reviews-v2,Organization,6,611,1,4,6,0
1,83,stevegrunwell/advanced-post-excerpt,stevegrunwell,advanced-post-excerpt,User,2,111,45,7,36,0
1,84,wpmetabox/mb-rest-api,wpmetabox,mb-rest-api,Organization,13,57,5,8,29,2
1,85,nfe/woo-nfe,nfe,woo-nfe,Organization,11,345,27,46,169,55
1,86,digitoimistodude/dude-insta-feed,digitoimistodude,dude-insta-feed,Organization,4,18,0,2,4,0
1,87,brainstormforce/bb-header-footer,brainstormforce,bb-header-footer,Organization,33,306,57,48,58,15
1,88,obstschale/bookmark-manager,obstschale,bookmark-manager,User,6,21,0,32,71,0
1,89,isotopsweden/wp-hercules,isotopsweden,wp-hercules,Organization,3,47,1,2,2,0
1,90,seb86/WooCommerce-Subscription-Shortcodes,seb86,woocommerce-subscription-shortcodes,User,2,49,0,5,1,0
1,91,VR51/wp-favorite-posts,vr51,wp-favorite-posts,User,26,92,4,11,20,0
1,92,brainstormforce/automate-mautic,brainstormforce,automate-mautic,Organization,13,569,34,1,26,33
1,93,godaddy-wordpress/godaddy-email-marketing,godaddy-wordpress,godaddy-email-marketing,Organization,23,523,61,6,101,24
1,94,Automattic/pym-shortcode,automattic,pym-shortcode,Organization,24,196,26,51,144,13
1,95,liip/wp-tyk-dev-portal,liip,wp-tyk-dev-portal,Organization,6,199,8,3,10,3
1,96,wearerequired/wp-requirements-check,wearerequired,wp-requirements-check,Organization,7,23,2,8,15,5
1,97,mujahidi/acf-typography,mujahidi,acf-typography,User,13,42,5,18,34,1
1,98,culqi/culqi-woocommerce,culqi,culqi-woocommerce,Organization,82,63,16,44,126,1
1,99,flyntwp/flynt-core,flyntwp,flynt-core,Organization,9,169,46,3,55,28
2,0,wearerequired/custom-menu-item-types,wearerequired,custom-menu-item-types,Organization,4,56,3,21,27,9
2,1,ChrisWinters/multisite-robotstxt-manager,chriswinters,multisite-robotstxt-manager,User,9,41,3,7,16,0
2,2,digitoimistodude/dude-most-read-posts,digitoimistodude,dude-most-read-posts,Organization,3,33,1,1,4,0
2,3,JoryHogeveen/off-canvas-sidebars,joryhogeveen,off-canvas-sidebars,User,34,757,26,82,143,1
2,4,ellakcy/wordpress-with-plugins,ellakcy,wordpress-with-plugins,Organization,2,48,0,2,3,0
2,5,xunhuweb/xunhu-alipay-payment-for-WooCommerce,xunhuweb,xunhu-alipay-payment-for-woocommerce,User,1,16,0,0,0,0
2,6,mihdan/mihdan-swiper,mihdan,mihdan-swiper,User,1,15,0,2,2,0
2,7,gabrieldarezzo/inlocation,gabrieldarezzo,inlocation,User,0,7,0,0,0,0
2,8,BoldGrid/boldgrid-seo,boldgrid,boldgrid-seo,Organization,14,589,20,24,39,14
2,9,ArthurGareginyan/syntax-highlighter-for-wp-editor,arthurgareginyan,syntax-highlighter-for-wp-editor,User,2,178,1,0,4,0
2,10,ZE3kr/Full-Site-Cache-for-KeyCDN,ze3kr,full-site-cache-for-keycdn,User,1,17,0,0,0,0
2,11,jplhomer/taghound-media-tagger,jplhomer,taghound-media-tagger,User,5,142,10,31,10,0
2,12,pixelgrade/gridable,pixelgrade,gridable,Organization,22,153,21,92,117,1
2,13,WordPress-Phoenix/abstract-plugin-base,wordpress-phoenix,abstract-plugin-base,Organization,5,65,18,5,6,4
2,14,lesterchan/wp-instantarticles,lesterchan,wp-instantarticles,User,1,18,0,0,0,0
2,15,deworg/dewp-planet-feed,deworg,dewp-planet-feed,Organization,10,73,10,5,45,0
2,16,wpup/content-menu,wpup,content-menu,Organization,3,40,1,2,2,0
2,17,N-Molham/wp-plugins-boilerplate,n-molham,wp-plugins-boilerplate,User,2,23,8,0,2,0
2,18,lubusIN/wordcamp-dashboard-widget,lubusin,wordcamp-dashboard-widget,Organization,2,36,1,25,21,0
2,19,lmoffereins/bp-multiblog-mode,lmoffereins,bp-multiblog-mode,User,1,28,0,3,0,0
2,20,thewebsitedev/twd-mce-button,thewebsitedev,twd-mce-button,User,4,6,0,3,12,0
2,21,szelpe/woocommerce-barion,szelpe,woocommerce-barion,User,28,160,6,41,70,3
2,22,mihdan/mihdan-excerpt-above-content,mihdan,mihdan-excerpt-above-content,User,1,9,0,0,0,0
2,23,fsylum/sitepoint-upload,fsylum,sitepoint-upload,User,1,3,0,0,0,0
2,24,bradp/forced-emoji,bradp,forced-emoji,User,2,10,0,1,1,0
2,25,andrewlimaza/when-last-login,andrewlimaza,when-last-login,User,11,96,21,18,29,0
2,26,jasonyingling/easy-footnotes,jasonyingling,easy-footnotes,User,8,37,9,2,7,0
2,27,felixarntz/wp-global-admin,felixarntz,wp-global-admin,User,1,95,0,5,3,0
2,28,lostfocus/wp-advent,lostfocus,wp-advent,User,9,14,0,7,18,0
2,29,wearerequired/rest-likes,wearerequired,rest-likes,Organization,9,256,84,53,195,91
2,30,mahdiyazdani/BS3-Grid-Builder,mahdiyazdani,bs3-grid-builder,User,2,42,1,0,4,0
2,31,felixarntz/wp-network-roles,felixarntz,wp-network-roles,User,1,66,0,1,0,0
2,32,gerencianet/gn-api-woocommerce,gerencianet,gn-api-woocommerce,Organization,17,177,24,9,28,0
2,33,KnowTheCode/WordPress-Starter-Plugin-Lab,knowthecode,wordpress-starter-plugin-lab,Organization,1,6,2,0,0,0
2,34,Alexufo/youtube-speedload,alexufo,youtube-speedload,User,1,16,0,0,0,0
2,35,lightspeeddevelopment/tour-operator,lightspeeddevelopment,tour-operator,Organization,25,1232,137,91,263,10
2,36,lollum/lollum-page-builder,lollum,lollum-page-builder,Organization,1,70,0,0,0,0
2,37,singhleo/admin-menus-accessibility,singhleo,admin-menus-accessibility,User,5,17,3,1,3,0
2,38,dangoodman/composer-for-wordpress,dangoodman,composer-for-wordpress,User,4,15,4,1,12,0
2,39,digitoimistodude/dude-facebook-feed,digitoimistodude,dude-facebook-feed,Organization,7,24,3,2,8,0
2,40,nate-allen/peerraiser,nate-allen,peerraiser,User,2,2779,3,3,4,0
2,41,DecomTeam/giftable-for-woocommerce,decomteam,giftable-for-woocommerce,Organization,7,81,1,2,7,0
2,42,Mofsy/wc-robokassa,mofsy,wc-robokassa,User,1,546,0,0,0,0
2,43,indiewebpress/wordpress-deleted-posts,indiewebpress,wordpress-deleted-posts,Organization,2,5,1,0,0,0
2,44,oneall/social-login-wordpress,oneall,social-login-wordpress,Organization,4,40,3,0,0,0
2,45,webvitalii/filenames-to-latin,webvitalii,filenames-to-latin,User,10,26,5,3,14,0
2,46,florianbrinkmann/svg-social-menu,florianbrinkmann,svg-social-menu,User,9,28,10,7,14,0
2,47,noplanman/wp-otp,noplanman,wp-otp,User,6,61,1,9,21,0
2,48,patrickrobrecht/extended-evaluation-for-statify,patrickrobrecht,extended-evaluation-for-statify,User,6,79,22,26,21,0
2,49,marcin-lawrowski/wise-chat,marcin-lawrowski,wise-chat,User,6,176,9,53,24,0
2,50,gnowland/wp-jet-fuel,gnowland,wp-jet-fuel,User,1,203,0,12,8,0
2,51,mbordash/blobinator,mbordash,blobinator,User,1,65,0,0,0,0
2,52,taniot/old-gravityforms-to-mailup,taniot,old-gravityforms-to-mailup,User,5,32,1,7,12,0
2,53,growella/table-of-contents,growella,table-of-contents,Organization,1,46,0,3,1,0
2,54,seb86/attachment-slugs,seb86,attachment-slugs,User,4,25,2,4,5,0
2,55,audiotheme/bandstand,audiotheme,bandstand,Organization,1,7,0,0,0,0
2,56,tarosky/tscf,tarosky,tscf,Organization,6,58,6,5,12,2
2,57,alexstandiford/easy-age-verifier,alexstandiford,easy-age-verifier,User,10,317,73,60,44,1
2,58,blackus3r/post-worktime-logger,blackus3r,post-worktime-logger,User,22,82,41,57,169,15
2,59,cipherdevgroup/heart-this,cipherdevgroup,heart-this,Organization,7,75,0,11,9,0
2,60,nicholaskajoh/wp-energy-usage-calculator,nicholaskajoh,wp-energy-usage-calculator,User,2,15,1,1,6,0
2,61,xunhuweb/xunhu-wechat-payment-for-WooCommerce,xunhuweb,xunhu-wechat-payment-for-woocommerce,User,1,18,0,0,0,0
2,62,samperrow/pre-party-browser-hints,samperrow,pre-party-browser-hints,User,5,606,59,7,39,0
2,63,satrya/smart-recent-posts-widget,satrya,smart-recent-posts-widget,User,2,16,0,5,1,0
2,64,mongoose-marketplace/facebook-page-feed-graph-api,mongoose-marketplace,facebook-page-feed-graph-api,Organization,3,234,35,39,24,0
2,65,cameronterry/dark-matter,cameronterry,dark-matter,User,6,842,40,33,64,4
2,66,flexseth/press-this-for-the-events-calendar,flexseth,press-this-for-the-events-calendar,User,1,6,0,0,0,0
2,67,growella/dynamic-asset-versioning,growella,dynamic-asset-versioning,Organization,2,25,0,1,0,0
2,68,boogah/nofsp,boogah,nofsp,User,2,2,0,1,0,0
2,69,collinbarrett/link-last-modified-checker,collinbarrett,link-last-modified-checker,User,1,6,0,0,0,0
2,70,Mofsy/wc-webmoney,mofsy,wc-webmoney,User,1,153,0,0,0,0
2,71,czp3009/wordpress-lottery,czp3009,wordpress-lottery,User,1,12,0,0,0,0
2,72,Bag-Labs/greenhouse-job-board,bag-labs,greenhouse-job-board,Organization,7,185,3,3,3,1
2,73,devgeniem/acf-flexible-templates,devgeniem,acf-flexible-templates,Organization,1,3,0,0,0,0
2,74,pierrechls/wp-types,pierrechls,wp-types,User,1,3,0,0,0,0
2,75,MESH-Research/humanities-commons,mesh-research,humanities-commons,Organization,5,320,35,0,0,0
2,76,alexwing/woocommerce-oscommerce-sync,alexwing,woocommerce-oscommerce-sync,User,1,39,1,0,0,0
2,77,mypreview/woo-store-vacation,mypreview,woo-store-vacation,Organization,7,243,8,1,10,1
2,78,wpscholar-wp-plugins/mpress-custom-front-page,wpscholar-wp-plugins,mpress-custom-front-page,Organization,4,37,6,6,5,2
2,79,joostdekeijzer/wp_export-media-with-content,joostdekeijzer,wp_export-media-with-content,User,3,34,1,2,3,0
2,80,Graffino/Custom-Post-Type-Maker,graffino,custom-post-type-maker,Organization,15,89,2,20,29,1
2,81,nielslange/smntcs-woocommerce-free-gift,nielslange,smntcs-woocommerce-free-gift,User,3,52,29,7,1,0
2,82,factmaven/remove-http,factmaven,remove-http,Organization,6,37,3,10,14,3
2,83,ArthurGareginyan/best-preloader,arthurgareginyan,best-preloader,User,2,177,0,1,11,0
2,84,digitoimistodude/dude-twitter-feed,digitoimistodude,dude-twitter-feed,Organization,4,16,0,2,1,0
2,85,michelem09/wassup,michelem09,wassup,User,5,54,8,6,13,0
2,86,josephfusco/wp-self-destruct,josephfusco,wp-self-destruct,User,6,16,3,2,7,1
2,87,isotopsweden/wp-cargo,isotopsweden,wp-cargo,Organization,3,89,1,0,1,0
2,88,litefeel/wp-github-sync-meta,litefeel,wp-github-sync-meta,User,2,19,0,1,1,0
2,89,anytizer/hosted-content-importer.wp,anytizer,hosted-content-importer.wp,User,4,149,1,4,9,0
2,90,jojoee/grayscale-body,jojoee,grayscale-body,User,3,47,5,2,3,0
2,91,YossiAharon/WPtimize,yossiaharon,wptimize,User,1,55,0,0,0,0
2,92,WordPress-Phoenix/merge-migration-tool,wordpress-phoenix,merge-migration-tool,Organization,4,81,6,5,1,0
2,93,imFORZA/re-pro,imforza,re-pro,Organization,8,219,6,72,186,150
2,94,picocodes/ajax-live-search,picocodes,ajax-live-search,User,2,26,1,1,4,0
2,95,Reprostar/mpcl-wordpress,reprostar,mpcl-wordpress,Organization,2,12,0,3,0,0
2,96,awesomemotive/affiliatewp-allow-own-referrals,awesomemotive,affiliatewp-allow-own-referrals,Organization,8,24,7,13,47,14
2,97,mypreview/woo-additional-terms,mypreview,woo-additional-terms,Organization,4,89,8,1,1,0
2,98,patrickrobrecht/posts-and-users-stats,patrickrobrecht,posts-and-users-stats,User,1,35,7,10,11,0
2,99,usmanaliqureshi/server-info,usmanaliqureshi,server-info,User,4,68,6,0,0,0
3,0,ArthurGareginyan/header-and-footer-scripts-inserter,arthurgareginyan,header-and-footer-scripts-inserter,User,1,176,0,0,0,0
3,1,orangelabweb/imagemagick-engine,orangelabweb,imagemagick-engine,Organization,8,66,21,5,10,5
3,2,netzstrategen/wordpress-core-standards,netzstrategen,wordpress-core-standards,Organization,17,148,66,4,409,249
3,3,dmassiani/wpcomponent,dmassiani,wpcomponent,User,6,53,11,6,10,0
3,4,miiitaka/wp-widget-extensions,miiitaka,wp-widget-extensions,User,1,214,89,36,16,0
3,5,mdjmplugin/mobile-dj-manager,mdjmplugin,mobile-dj-manager,User,23,1759,74,171,190,13
3,6,webdesignermall/wordpress-udemy-code-snippets,webdesignermall,wordpress-udemy-code-snippets,User,1,3,0,0,0,0
3,7,LQ2-apostrophe/minit-cdn,lq2-apostrophe,minit-cdn,User,1,2,0,0,0,0
3,8,WordPress-Phoenix/wordpress-image-crate,wordpress-phoenix,wordpress-image-crate,Organization,3,79,8,0,2,2
3,9,max-kk/wp-foto-vote-dev-lib,max-kk,wp-foto-vote-dev-lib,User,3,89,0,3,1,0
3,10,joydipnath/Custom-Order-Number-Woo,joydipnath,custom-order-number-woo,User,1,12,0,0,0,0
3,11,emgk/visual-text-editor,emgk,visual-text-editor,User,3,18,4,4,3,0
3,12,netgloo/get-tweets-in-php,netgloo,get-tweets-in-php,Organization,1,14,0,0,0,0
3,13,nstaeger/wp-post-email-notification,nstaeger,wp-post-email-notification,User,7,103,1,17,3,0
3,14,BellevueCollege/multisite-users-by-role,bellevuecollege,multisite-users-by-role,Organization,2,26,0,0,0,0
3,15,GlotPress/gp-translation-propagation,glotpress,gp-translation-propagation,Organization,3,27,3,8,2,0
3,16,leopuleo/easy-panorama,leopuleo,easy-panorama,User,10,186,5,7,17,0
3,17,my-language-skills/all-in-one-metadata,my-language-skills,all-in-one-metadata,Organization,7,583,34,196,91,0
3,18,wnet-ieg-2/pbs-passport-authenticate,wnet-ieg-2,pbs-passport-authenticate,Organization,6,626,3,10,24,0
3,19,skaut/skautis-integration,skaut,skautis-integration,Organization,16,351,36,102,294,1
3,20,awesomemotive/affiliatewp-woocommerce-redirect-affiliates,awesomemotive,affiliatewp-woocommerce-redirect-affiliates,Organization,6,22,6,10,13,4
3,21,cyrillbolliger/conditional-featured-image,cyrillbolliger,conditional-featured-image,User,12,114,13,10,33,0
3,22,JoryHogeveen/widget-subtitles,joryhogeveen,widget-subtitles,User,1,139,9,3,0,0
3,23,pixelgrade/fonto,pixelgrade,fonto,Organization,14,94,1,17,10,1
3,24,justcoded/just-tinymce-custom-styles,justcoded,just-tinymce-custom-styles,Organization,7,22,5,4,7,0
3,25,nash-ye/wp-article-json-ld,nash-ye,wp-article-json-ld,User,1,11,0,0,0,0
3,26,bobbingwide/oik-weight-zone-shipping,bobbingwide,oik-weight-zone-shipping,User,10,100,2,30,63,0
3,27,jojoee/mobile-redirect-with-slug,jojoee,mobile-redirect-with-slug,User,2,17,0,2,0,0
3,28,nash-ye/wp-reinstall-plugins,nash-ye,wp-reinstall-plugins,User,1,3,0,0,0,0
3,29,ArthurGareginyan/rss-feed-icon,arthurgareginyan,rss-feed-icon,User,1,147,0,0,0,0
3,30,Codeko/custom-post-parents,codeko,custom-post-parents,Organization,2,19,3,0,23,11
3,31,rafa-acioly/birthdate-celebrate,rafa-acioly,birthdate-celebrate,User,1,27,0,1,0,0
3,32,josephfusco/wp-new-tab,josephfusco,wp-new-tab,User,1,20,0,1,1,0
3,33,rdlmda/hls-video-shortcode,rdlmda,hls-video-shortcode,User,2,5,0,5,3,0
3,34,jameselks/my-facebook-events,jameselks,my-facebook-events,User,1,89,13,0,1,0
3,35,pierrechls/wp-forms,pierrechls,wp-forms,User,2,2,0,1,1,0
3,36,micz/wp-500px-jsgallery,micz,wp-500px-jsgallery,User,1,172,0,38,40,0
3,37,nash-ye/wp-reinstall-themes,nash-ye,wp-reinstall-themes,User,1,6,0,0,0,0
3,38,jdmdigital/jdm-frontend-admin-buttons,jdmdigital,jdm-frontend-admin-buttons,User,1,36,8,8,6,0
3,39,JoeSz/Exopite-Responsive-Touch-Enabled-Lightbox-WordPress-Plugin,joesz,exopite-responsive-touch-enabled-lightbox-wordpress-plugin,User,1,63,0,0,0,0
3,40,faustynm/portgal-for-wordpress,faustynm,portgal-for-wordpress,User,4,11,1,2,8,0
3,41,webmandesign/webman-templates,webmandesign,webman-templates,User,1,39,0,0,0,0
3,42,franverona/LoadGo-for-WP,franverona,loadgo-for-wp,User,1,10,0,2,0,0
3,43,hinaloe/push7-subscribe-button,hinaloe,push7-subscribe-button,User,1,68,2,3,3,0
3,44,nextpay-ir/wordpress-woocommerce-nextpay-payment-gateway,nextpay-ir,wordpress-woocommerce-nextpay-payment-gateway,Organization,2,16,0,0,0,0
3,45,TypistTech/remove-medium-cross-links,typisttech,remove-medium-cross-links,Organization,3,69,23,0,2,1
3,46,fabacab/multisite-directory,fabacab,multisite-directory,User,6,120,9,16,120,30
3,47,lmoffereins/bp-xprofile-field-activity,lmoffereins,bp-xprofile-field-activity,User,1,4,0,0,0,0
3,48,udx/wp-rets-client,udx,wp-rets-client,Organization,25,7827,1,10,12,0
3,49,RRZE-Webteam/rrze-calendar,rrze-webteam,rrze-calendar,Organization,16,252,51,34,48,0
3,50,digitoimistodude/acf-wp-polls-redux,digitoimistodude,acf-wp-polls-redux,Organization,1,1,0,0,0,0
3,51,AbhishekGhosh/WordPress-Genesis-HTML-Sitemap,abhishekghosh,wordpress-genesis-html-sitemap,User,1,12,0,0,0,0
3,52,mattradford/online-scout-manager,mattradford,online-scout-manager,User,2,6,1,10,1,0
3,53,lmoffereins/contact-card,lmoffereins,contact-card,User,1,2,0,0,0,0
3,54,Mixd/mixd-wp-plugin-boilerplate,mixd,mixd-wp-plugin-boilerplate,Organization,3,15,2,2,4,0
3,55,growella/anthology,growella,anthology,Organization,1,15,0,0,0,0
3,56,firetreedesign/ft-bb-syntax-highlighter,firetreedesign,ft-bb-syntax-highlighter,Organization,1,4,0,0,0,0
3,57,factmaven/specify-image-dimensions,factmaven,specify-image-dimensions,Organization,1,9,0,3,1,0
3,58,BenjaminMedia/wp-cxense,benjaminmedia,wp-cxense,Organization,16,343,117,0,50,130
3,59,jessicahawkins3344/my-nav-module,jessicahawkins3344,my-nav-module,User,1,12,0,0,0,0
3,60,jestevez/realia-santander-elavon,jestevez,realia-santander-elavon,User,1,3,0,0,0,0
3,61,jdmdigital/bootplate-shortcodes,jdmdigital,bootplate-shortcodes,User,1,11,0,12,0,0
3,62,Viper007Bond/vipers-video-quicktags-migrator,viper007bond,vipers-video-quicktags-migrator,User,1,46,0,0,0,0
3,63,snagshout/snagshout-wordpress,snagshout,snagshout-wordpress,Organization,1,64,2,0,5,1
3,64,jojoee/black-ribbon,jojoee,black-ribbon,User,3,14,4,2,0,0
3,65,mindkomm/svg2png,mindkomm,svg2png,Organization,1,4,0,0,0,0
3,66,Codeko/wp-data-model,codeko,wp-data-model,Organization,3,6,1,0,0,0
3,67,craigsimps/disable-wp-auto-formatting,craigsimps,disable-wp-auto-formatting,User,1,1,0,0,0,0
3,68,singleplatform-eng/wordpress-plugin,singleplatform-eng,wordpress-plugin,Organization,3,50,9,0,8,0
3,69,hametuha/hamail,hametuha,hamail,Organization,1,106,5,24,5,0
3,70,ArthurGareginyan/simple-scroll-to-top-button,arthurgareginyan,simple-scroll-to-top-button,User,1,182,0,0,0,0
3,71,misfist/jacobin-core-functionality,misfist,jacobin-core-functionality,User,1,297,28,0,2,0
3,72,varunsridharan/wc-product-subtitle,varunsridharan,wc-product-subtitle,User,30,89,4,31,107,0
3,73,lmoffereins/featured-images,lmoffereins,featured-images,User,1,26,0,1,1,0
3,74,stklcode/statify-blacklist,stklcode,statify-blacklist,User,4,154,9,20,9,0
3,75,circuscode/hello-dolly-for-your-song,circuscode,hello-dolly-for-your-song,User,1,132,19,4,5,0
3,76,bobbingwide/oik-ajax,bobbingwide,oik-ajax,User,1,32,0,7,13,0
3,77,WebDevStudios/constant-contact-forms,webdevstudios,constant-contact-forms,Organization,17,2493,245,0,367,389
3,78,jazzsequence/recipe-box,jazzsequence,recipe-box,User,5,301,16,29,11,0
3,79,impress-org/Give-Form-Countdown,impress-org,give-form-countdown,Organization,11,106,6,42,59,2
3,80,nielslange/smntcs-bootstrap-modal,nielslange,smntcs-bootstrap-modal,User,1,21,2,1,0,0
3,81,awais300/Spam-Blocker,awais300,spam-blocker,User,1,10,0,0,0,0
3,82,awesomemotive/affiliatewp-allowed-products,awesomemotive,affiliatewp-allowed-products,Organization,12,65,15,27,77,23
3,83,motopress/mp-timetable,motopress,mp-timetable,Organization,6,360,19,0,0,1
3,84,nirjharlo/complete-google-seo-scan,nirjharlo,complete-google-seo-scan,User,1,37,0,1,0,0
3,85,xylusthemes/wp-bulk-delete,xylusthemes,wp-bulk-delete,Organization,4,45,9,2,1,1
3,86,BenjaminMedia/wp-wa-oauth,benjaminmedia,wp-wa-oauth,Organization,8,83,35,0,8,5
3,87,petermann/masks-form-fields,petermann,masks-form-fields,User,1,25,0,0,0,0
3,88,digitoimistodude/dude-lastfm-feed,digitoimistodude,dude-lastfm-feed,Organization,1,5,0,0,0,0
3,89,stephenyeargin/wp-mytunes,stephenyeargin,wp-mytunes,User,0,1,0,0,0,0
3,90,GetOlympus/Olympus,getolympus,olympus,Organization,3,189,31,2,23,0
3,91,enricodeleo/woocommerce-pdf-invoices-packing-slips-sort-by-invoice,enricodeleo,woocommerce-pdf-invoices-packing-slips-sort-by-invoice,User,1,6,0,0,0,0
3,92,s3rgiosan/wpsmartlook,s3rgiosan,wpsmartlook,User,3,27,4,4,5,0
3,93,OzzyCzech/omSocialLogin,ozzyczech,omsociallogin,User,1,22,0,0,0,0
3,94,factmaven/wp-plugin-template,factmaven,wp-plugin-template,Organization,1,3,0,0,0,0
3,95,kingkool68/wordpress-twitter-backerupper,kingkool68,wordpress-twitter-backerupper,User,1,8,0,0,0,0
3,96,mindctrl/jp-sticky-comments,mindctrl,jp-sticky-comments,User,1,1,0,0,0,0
3,97,misterunknown/wordpress-pagejumpadder,misterunknown,wordpress-pagejumpadder,User,0,2,0,0,0,0
3,98,vikas5914/woo-atom-payment-gateway,vikas5914,woo-atom-payment-gateway,User,8,6,4,2,11,0
3,99,dorzki/Add-Menu-Icon,dorzki,add-menu-icon,Organization,0,2,0,0,0,0
4,0,samsk/wp-datatable,samsk,wp-datatable,User,1,13,0,0,0,0
4,1,SKempin/simple-fading-testimonials-widget,skempin,simple-fading-testimonials-widget,User,1,44,0,0,0,0
4,2,naihaishy/Send-Email,naihaishy,send-email,User,1,14,0,0,0,0
4,3,thefrosty/wp-featured-image-column,thefrosty,wp-featured-image-column,User,1,33,0,0,0,0
4,4,MightyPlugins/mighty-portfolio,mightyplugins,mighty-portfolio,Organization,1,13,0,0,0,0
4,5,fjorgedevelopers/wp-plugin-skeleton,fjorgedevelopers,wp-plugin-skeleton,User,2,30,0,0,0,0
4,6,petrozavodsky/bro_excerpt_length,petrozavodsky,bro_excerpt_length,User,1,17,0,0,0,0
4,7,jglantonio/gitNotes,jglantonio,gitnotes,User,1,179,0,0,0,0
4,8,viclafouch/WP_Informations,viclafouch,wp_informations,User,1,37,0,0,0,0
4,9,itgalaxy/pillar,itgalaxy,pillar,Organization,2,38,1,0,0,0
4,10,mkykode/mka-simple-slider,mkykode,mka-simple-slider,User,1,6,0,0,0,0
4,11,kossmos/news-feed,kossmos,news-feed,User,2,25,0,1,1,0
4,12,wxsms/baidu-submit-for-wordpress,wxsms,baidu-submit-for-wordpress,User,1,20,0,0,0,0
4,13,1Franck/WP-Plugme,1franck,wp-plugme,User,1,107,0,0,0,0
4,14,andrewklimek/disembellish,andrewklimek,disembellish,User,1,13,0,0,0,0
4,15,omacranger/wp-lazy-loaded-images,omacranger,wp-lazy-loaded-images,User,1,34,0,0,0,0
4,16,hinaloe/non-cache-ppp,hinaloe,non-cache-ppp,User,1,5,0,0,0,0
4,17,MESH-Research/hc-member-profiles,mesh-research,hc-member-profiles,Organization,5,380,10,14,10,0
4,18,andrewklimek/mnml-social-icons,andrewklimek,mnml-social-icons,User,1,29,0,0,0,0
4,19,mkykode/mka-quick-custom-posts,mkykode,mka-quick-custom-posts,User,1,7,0,0,0,0
4,20,HaninMustafa/Inhabitent-Co.-Site,haninmustafa,inhabitent-co.-site,User,1,45,0,0,0,0
4,21,UCF/ucf-rest-menus,ucf,ucf-rest-menus,Organization,5,15,4,1,2,7
4,22,valeriu/analytics-tracker,valeriu,analytics-tracker,User,3,40,2,1,1,0
4,23,craigsimps/genesis-browse-happy,craigsimps,genesis-browse-happy,User,2,9,1,0,0,0
4,24,matsuoshi/wp-postical,matsuoshi,wp-postical,User,1,16,0,0,0,0
4,25,isotopsweden/wp-extra,isotopsweden,wp-extra,Organization,2,8,1,0,1,0
4,26,lukemcdonald/wordpress-front-page-archives,lukemcdonald,wordpress-front-page-archives,User,1,5,0,1,0,0
4,27,reubenlillie/manualmaker,reubenlillie,manualmaker,User,1,48,0,0,0,0
4,28,lukasbesch/find-post-by-password,lukasbesch,find-post-by-password,User,1,2,0,0,0,0
4,29,ajsb85/wordpress-plugin-mappartnerlocator,ajsb85,wordpress-plugin-mappartnerlocator,User,2,41,1,0,0,0
4,30,INN/rns-transmissions,inn,rns-transmissions,Organization,4,39,1,0,10,3
4,31,ansidev/bible-for-wordpress-plugin,ansidev,bible-for-wordpress-plugin,User,1,15,0,0,0,0
4,32,SKempin/url-stats-from-facebook,skempin,url-stats-from-facebook,User,1,35,0,0,0,0
4,33,oneall/social-sharing-wordpress,oneall,social-sharing-wordpress,Organization,2,22,1,0,0,0
4,34,nash-ye/wp-empty-alt-warning,nash-ye,wp-empty-alt-warning,User,1,6,0,0,0,0
4,35,wearerequired/register-default-theme-directory,wearerequired,register-default-theme-directory,Organization,3,15,0,2,1,0
4,36,pods-framework/pods-elasticpress,pods-framework,pods-elasticpress,Organization,1,1,0,0,0,0
4,37,INN/credentials,inn,credentials,Organization,2,28,0,2,2,0
4,38,littlebirdjp/floating-top-link,littlebirdjp,floating-top-link,Organization,1,29,0,0,0,0
4,39,severnbronies/severnbronies-plugins-2016,severnbronies,severnbronies-plugins-2016,Organization,1,17,0,1,0,0
4,40,bigwing/nest-login,bigwing,nest-login,Organization,1,6,0,0,0,0
4,41,shazic/loghorn,shazic,loghorn,User,1,82,0,6,6,0
4,42,pschfr/wp-plugins,pschfr,wp-plugins,User,1,18,0,0,0,0
4,43,INN/client-hosting-manager,inn,client-hosting-manager,Organization,2,25,3,7,27,4
4,44,bmaupin/wordpress-site-plugins,bmaupin,wordpress-site-plugins,User,1,7,0,0,0,0
4,45,jdmdigital/jdm-custom-cta,jdmdigital,jdm-custom-cta,User,1,25,3,4,2,0
4,46,hofmannsven/contextbar,hofmannsven,contextbar,User,1,19,0,0,0,0
4,47,AbhishekGhosh/WordPress-Custom-PHP-Snippet-Manager,abhishekghosh,wordpress-custom-php-snippet-manager,User,1,6,0,0,0,0
4,48,ufclas/ufclas-myit,ufclas,ufclas-myit,Organization,1,5,0,0,0,0
4,49,ankurk91/wp-tabs-example,ankurk91,wp-tabs-example,User,1,1,0,0,0,0
4,50,zDevelopers/zcraft-site-theme,zdevelopers,zcraft-site-theme,Organization,2,100,0,1,0,0
4,51,findsorguk/wp-findsorguk,findsorguk,wp-findsorguk,Organization,3,63,4,1,1,1
4,52,barbareshet/ido-social-links-plugin,barbareshet,ido-social-links-plugin,User,1,15,0,0,0,0
4,53,netzstrategen/wordpress-gallerya,netzstrategen,wordpress-gallerya,Organization,16,152,77,0,366,213
4,54,digitoimistodude/dude-really-simple-ads,digitoimistodude,dude-really-simple-ads,Organization,3,63,1,3,0,0
4,55,samsk/include-url,samsk,include-url,User,1,13,0,0,0,0
4,56,UCF/UCF-Footer-Plugin,ucf,ucf-footer-plugin,Organization,7,57,22,11,14,28
4,57,frostkom/mf_users,frostkom,mf_users,User,1,96,0,0,0,0
4,58,bobbingwide/oik-video,bobbingwide,oik-video,User,1,10,0,2,0,0
4,59,ernilambar/ns-category-widget,ernilambar,ns-category-widget,User,2,35,7,0,5,0
4,60,thoughtsideas/ti-wordpress-seo,thoughtsideas,ti-wordpress-seo,Organization,1,21,7,0,0,0
4,61,tectonic/sso-awardforce-wordpress,tectonic,sso-awardforce-wordpress,Organization,5,38,2,0,20,13
4,62,nielslange/smntcs-disable-rest-api-user-endpoints,nielslange,smntcs-disable-rest-api-user-endpoints,User,3,62,20,7,7,0
4,63,styladev/plugin-wordpress,styladev,plugin-wordpress,Organization,7,66,8,2,1,2
4,64,nash-ye/wp-enforce-featured-image,nash-ye,wp-enforce-featured-image,User,1,11,0,1,1,0
4,65,nielslange/smntcs-shortcode-popup,nielslange,smntcs-shortcode-popup,User,1,11,1,4,0,0
4,66,tottaz/wp-thor-url-shortener,tottaz,wp-thor-url-shortener,User,1,7,0,0,0,0
4,67,MultinetInteractive/EduAdmin-WordPress,multinetinteractive,eduadmin-wordpress,Organization,24,1665,247,156,129,24
4,68,nielslange/smntcs-google-webmaster-tools,nielslange,smntcs-google-webmaster-tools,User,3,68,58,2,40,0
4,69,circuscode/mathilda,circuscode,mathilda,User,2,84,8,6,18,0
4,70,ko31/replace-protected-password,ko31,replace-protected-password,User,1,37,0,4,4,0
4,71,bobbingwide/oik-i18n,bobbingwide,oik-i18n,User,1,79,0,13,26,0
4,72,motopress/mp-restaurant-menu,motopress,mp-restaurant-menu,Organization,3,554,2,0,0,0
4,73,nielslange/smntcs-adobe-typekit-fonts,nielslange,smntcs-adobe-typekit-fonts,User,2,22,1,1,1,0
4,74,nielslange/smntcs-pinterest-save-button,nielslange,smntcs-pinterest-save-button,User,2,24,5,3,1,0
4,75,nielslange/smntcs-google-analytics,nielslange,smntcs-google-analytics,User,3,41,15,5,5,0
4,76,CheetahO/cheetaho-wp-image-optimizer,cheetaho,cheetaho-wp-image-optimizer,Organization,1,228,36,0,0,0
4,77,lightspeeddevelopment/lsx-projects,lightspeeddevelopment,lsx-projects,Organization,17,292,97,3,83,0
4,78,strangerstudios/memberlite-shortcodes,strangerstudios,memberlite-shortcodes,Organization,8,140,22,14,14,2
4,79,udx/wp-github-wiki,udx,wp-github-wiki,Organization,1,7,0,0,0,0
4,80,iwillhappy1314/wizhi-seo,iwillhappy1314,wizhi-seo,User,1,6,0,0,0,0
4,81,CenterValleyAnimalRescue/cvar-core-functionality,centervalleyanimalrescue,cvar-core-functionality,Organization,1,12,2,0,0,0
4,82,morganestes/post-updated-messages,morganestes,post-updated-messages,User,2,59,2,0,0,0
4,83,nevendyulgerov/wp_theme_options,nevendyulgerov,wp_theme_options,User,1,59,0,0,0,0
4,84,andrewklimek/portmanteau,andrewklimek,portmanteau,User,1,16,0,0,0,0
4,85,imFORZA/system-status,imforza,system-status,Organization,1,27,0,19,1,0
4,86,nextpay-ir/wordpress-paid-downloads-payment-gateway,nextpay-ir,wordpress-paid-downloads-payment-gateway,Organization,2,6,0,0,0,0
4,87,provineet/vonage-systems,provineet,vonage-systems,User,1,4,0,0,0,0
4,88,willi-dev/vc_extender,willi-dev,vc_extender,User,1,34,0,0,0,0
4,89,anytizer/stock-images.wp,anytizer,stock-images.wp,User,0,10,0,0,0,0
4,90,jaredkc/gallery-grid-option,jaredkc,gallery-grid-option,User,1,7,0,0,0,0
4,91,andrewklimek/emailmonger,andrewklimek,emailmonger,User,1,6,0,0,0,0
4,92,ondrejd/odwp-devhelper,ondrejd,odwp-devhelper,User,1,50,0,12,4,0
4,93,INN/largo-related-posts,inn,largo-related-posts,Organization,3,43,6,12,6,3
4,94,tottaz/WP-Custom-Category-Images,tottaz,wp-custom-category-images,User,0,2,0,0,0,0
4,95,jprieton/source-framework,jprieton,source-framework,User,1,226,10,0,0,0
4,96,BenjaminMedia/wp-wype-reset-password,benjaminmedia,wp-wype-reset-password,Organization,5,52,15,0,11,13
4,97,mkykode/mka-add-page-excerpts,mkykode,mka-add-page-excerpts,User,1,2,0,0,0,0
4,98,wearerequired/custom-meta-boxes-mu-loader,wearerequired,custom-meta-boxes-mu-loader,Organization,2,7,0,1,0,0
4,99,thoughtsideas/ti-subtitle,thoughtsideas,ti-subtitle,Organization,1,3,1,0,0,0
5,0,bobbingwide/oik-a2z,bobbingwide,oik-a2z,User,1,30,0,9,10,0
5,1,bobbingwide/oik-widget-cache,bobbingwide,oik-widget-cache,User,1,8,0,3,1,0
5,2,barryceelen/wp-multilocale,barryceelen,wp-multilocale,User,1,188,0,14,0,0
5,3,airton/manage-user-roles,airton,manage-user-roles,User,2,46,0,0,0,0
5,4,lordvcs/bootstrap_multi_carousel,lordvcs,bootstrap_multi_carousel,User,1,5,0,0,0,0
5,5,codesnakers/woo-order-user-efficiency,codesnakers,woo-order-user-efficiency,User,1,7,0,0,0,0
5,6,andrewklimek/msgmonger,andrewklimek,msgmonger,User,1,6,0,0,0,0
5,7,CodeForFoco/bike-coop-plugin,codeforfoco,bike-coop-plugin,Organization,5,101,10,4,1,0
5,8,yoanmarchal/address-plugin,yoanmarchal,address-plugin,User,3,23,5,1,1,0
5,9,barryceelen/wp-analytics-without-cookies,barryceelen,wp-analytics-without-cookies,User,1,18,0,0,0,0
5,10,eldercarvalho/My-Data-Plugin,eldercarvalho,my-data-plugin,User,1,14,0,0,0,0
5,11,thewirelessguy/advanced-custom-menu-widget,thewirelessguy,advanced-custom-menu-widget,User,1,2,0,0,0,0
5,12,FuriaGamingCommunity/furiagamingcommunity-slideshows,furiagamingcommunity,furiagamingcommunity-slideshows,Organization,1,36,6,0,1,0
5,13,jazzsequence/WP-Show-Tracker,jazzsequence,wp-show-tracker,User,1,69,1,12,5,0
5,14,bobbingwide/tags,bobbingwide,tags,User,1,61,0,8,7,0
5,15,sketchbuch/sb_subpages,sketchbuch,sb_subpages,User,0,12,0,0,0,0
5,16,ChrisWinters/robotstxt-manager,chriswinters,robotstxt-manager,User,2,31,0,0,0,0
5,17,sidharthmenon/shareit-locker,sidharthmenon,shareit-locker,User,1,4,0,0,0,0
5,18,NaturalIntelligence/wp-thumb-post,naturalintelligence,wp-thumb-post,Organization,5,31,0,1,29,0
5,19,lazaryo/acf-random_color,lazaryo,acf-random_color,User,1,7,0,0,0,0
5,20,bu-ist/bu-ssl,bu-ist,bu-ssl,Organization,4,83,5,1,18,12
5,21,s3rgiosan/wpnetscope,s3rgiosan,wpnetscope,User,1,19,1,2,2,0
5,22,arduosoft/wlog.wordpress,arduosoft,wlog.wordpress,Organization,2,8,0,0,0,0
5,23,bobbingwide/oik-sites,bobbingwide,oik-sites,User,1,3,0,3,5,0
5,24,l3lackcurtains/wordpress-loan-calculator-plugins,l3lackcurtains,wordpress-loan-calculator-plugins,User,1,1,0,0,0,0
5,25,imFORZA/wordpress-plugin-template,imforza,wordpress-plugin-template,Organization,2,28,0,0,0,0
5,26,bobbingwide/oik-post-type-support,bobbingwide,oik-post-type-support,User,1,5,0,1,0,0
5,27,nextpay-ir/wordpress-file-download-payment-gateway,nextpay-ir,wordpress-file-download-payment-gateway,Organization,2,5,0,0,0,0
5,28,pierrechls/wc-min-max-quantities,pierrechls,wc-min-max-quantities,User,1,3,0,0,0,0
5,29,ColoredCow/wordpress-announcements,coloredcow,wordpress-announcements,Organization,2,12,0,0,0,0
5,30,ecedi/wp-rocket-no-bot,ecedi,wp-rocket-no-bot,Organization,1,2,0,0,0,0
5,31,garubi/wp-mail-ses,garubi,wp-mail-ses,User,2,11,2,0,0,0
5,32,andrewklimek/mnml-contact,andrewklimek,mnml-contact,User,2,38,0,0,0,0
5,33,OzzyCzech/omSuggestContent,ozzyczech,omsuggestcontent,User,0,4,0,0,0,0
5,34,bangerkuwranger/cAc_wp_scrollmagic_layers,bangerkuwranger,cac_wp_scrollmagic_layers,User,1,108,0,0,0,0
5,35,webvitalii/sitekit,webvitalii,sitekit,User,1,50,0,18,0,0
5,36,islamic-network/aladhan-wordpress-plugin,islamic-network,aladhan-wordpress-plugin,Organization,0,6,0,0,0,0
5,37,eokoneyo/electorate,eokoneyo,electorate,User,1,51,0,0,0,0
5,38,castroalves/castroalves.github.io-old,castroalves,castroalves.github.io-old,User,2,18,0,0,0,0
5,39,pixelspring/WordPressPlugins,pixelspring,wordpressplugins,User,1,6,0,0,0,0
5,40,FuriaGamingCommunity/furiagamingcommunity-games,furiagamingcommunity,furiagamingcommunity-games,Organization,1,42,3,0,0,0
5,41,sketchbuch/sb_portfolio,sketchbuch,sb_portfolio,User,1,8,0,0,0,0
5,42,mihdan/mihdan-flexslider,mihdan,mihdan-flexslider,User,1,5,0,0,0,0
5,43,christinablust/photographer-credit,christinablust,photographer-credit,User,1,4,0,0,0,0
5,44,ikenfin/admin-media-embedurl-wh-fields-hack,ikenfin,admin-media-embedurl-wh-fields-hack,User,1,3,0,0,0,0
5,45,UusWeb-ee/WS-Force-Login-Page,uusweb-ee,ws-force-login-page,Organization,1,16,0,0,0,0
5,46,azedo/wp-behance-importer,azedo,wp-behance-importer,User,1,20,0,18,0,0
5,47,nstaeger/cms-plugin-framework,nstaeger,cms-plugin-framework,User,1,38,0,2,0,0
5,48,coldturkeygroup/program-page,coldturkeygroup,program-page,Organization,1,46,0,0,0,0
5,49,andrewklimek/re-welcome,andrewklimek,re-welcome,User,1,4,0,0,0,0
5,50,MinnPost/deserialize-metadata,minnpost,deserialize-metadata,Organization,1,37,0,1,1,0
5,51,barryceelen/wp-replace-filename-accents,barryceelen,wp-replace-filename-accents,User,1,9,0,0,0,0
5,52,GenieTim/import-media-plugin,genietim,import-media-plugin,User,1,5,0,0,0,0
5,53,topdown/eProject-WP-Remote,topdown,eproject-wp-remote,User,1,1,0,0,0,0
5,54,dazunE/couvert,dazune,couvert,User,1,3,0,0,0,0
5,55,netzstrategen/wordpress-publishing-importer,netzstrategen,wordpress-publishing-importer,Organization,2,47,0,0,0,0
5,56,inwdragon/urlength,inwdragon,urlength,User,1,3,0,0,0,0
5,57,imFORZA/idx-connect-for-gravityforms,imforza,idx-connect-for-gravityforms,Organization,4,43,1,9,0,0
5,58,Byggvir/tawp_fortune,byggvir,tawp_fortune,User,1,9,1,0,0,0
5,59,INN/pmp-distribution,inn,pmp-distribution,Organization,1,5,0,0,0,0
5,60,webmandesign/rename-taxonomies,webmandesign,rename-taxonomies,User,1,5,0,0,0,0
5,61,WPZOO/Flexbox-Grid,wpzoo,flexbox-grid,Organization,2,11,0,2,1,0
5,62,wedevelopmx/packtospain,wedevelopmx,packtospain,Organization,1,2,0,0,0,0
5,63,barryceelen/wp-super-editor,barryceelen,wp-super-editor,User,1,2,0,0,0,0
5,64,yoanmarchal/faq-plugin,yoanmarchal,faq-plugin,User,3,35,3,0,1,0
5,65,EHRI/ehri-wordpress-plugin,ehri,ehri-wordpress-plugin,Organization,1,15,1,1,0,0
5,66,mm-e1/wp-force-login,mm-e1,wp-force-login,User,0,7,0,0,0,0
5,67,mkykode/mka-remove-wp-emoji,mkykode,mka-remove-wp-emoji,User,1,2,0,0,0,0
5,68,andrewklimek/commentmonger,andrewklimek,commentmonger,User,1,4,0,0,0,0
5,69,FPCSJames/cf7-rating-stars,fpcsjames,cf7-rating-stars,User,1,2,0,0,0,0
5,70,mkykode/mka-class-genesis-register-sidebar,mkykode,mka-class-genesis-register-sidebar,User,1,2,0,0,0,0
5,71,andrewklimek/name-thine-price,andrewklimek,name-thine-price,User,1,6,0,0,0,0
5,72,andrewklimek/mnml-slider,andrewklimek,mnml-slider,User,1,15,0,0,0,0
5,73,inpsyde/block-mails-quick-n-dirty,inpsyde,block-mails-quick-n-dirty,Organization,2,2,0,0,0,0
5,74,artdevgame/flickr-group-gallery,artdevgame,flickr-group-gallery,User,1,6,0,0,0,0
5,75,RobertShippey/IBD-Events,robertshippey,ibd-events,User,1,66,0,0,0,0
5,76,yoanmarchal/partenaires,yoanmarchal,partenaires,User,2,18,2,0,0,0
5,77,lmoffereins/edit-next-post,lmoffereins,edit-next-post,User,1,3,0,0,0,0
5,78,OzzyCzech/omLightbox,ozzyczech,omlightbox,User,1,25,0,0,0,0
5,79,Kero76/Job-Offer,kero76,job-offer,User,1,17,0,0,0,0
5,80,teamgate/wordpress-plugin,teamgate,wordpress-plugin,Organization,1,13,0,0,0,0
5,81,firetreedesign/ccbpress-slack,firetreedesign,ccbpress-slack,Organization,1,5,0,1,0,0
5,82,UCF/UCF-Colleges-Tax-Plugin,ucf,ucf-colleges-tax-plugin,Organization,4,14,3,1,2,7
5,83,stephenyeargin/wp-dark-sky-weather,stephenyeargin,wp-dark-sky-weather,User,1,5,2,4,0,0
5,84,arnaudmanaranche/hunt-issue,arnaudmanaranche,hunt-issue,User,1,8,0,0,0,0
5,85,EquatedotCreate/wordpress-logo,equatedotcreate,wordpress-logo,Organization,0,7,0,0,0,0
5,86,affilinet/wordpress-plugin,affilinet,wordpress-plugin,Organization,5,18,0,6,15,0
5,87,yoanmarchal/social-link-plugin,yoanmarchal,social-link-plugin,User,4,19,8,0,2,0
5,88,tpay-com/tpay-woocommerce-2,tpay-com,tpay-woocommerce-2,Organization,2,11,1,0,1,0
5,89,firetreedesign/ft-bb-schema,firetreedesign,ft-bb-schema,Organization,1,3,0,0,0,0
5,90,Pie001/WordpressPlugins,pie001,wordpressplugins,User,1,18,0,0,0,0
5,91,nextpay-ir/wordpress-mycred-gateway-payment,nextpay-ir,wordpress-mycred-gateway-payment,Organization,2,3,0,0,0,0
5,92,motopress/mprm-menu-cart,motopress,mprm-menu-cart,Organization,3,31,1,0,0,0
5,93,Dezodev/dezo-tools,dezodev,dezo-tools,User,1,21,0,0,0,0
5,94,nanodesigns/nano-redirection,nanodesigns,nano-redirection,Organization,1,4,0,0,0,0
5,95,henrywright/here,henrywright,here,User,2,34,0,1,1,0
5,96,baublet/wp-twig-loop-shortcode,baublet,wp-twig-loop-shortcode,User,1,37,0,0,0,0
5,97,andrewklimek/minimal-maintenance,andrewklimek,minimal-maintenance,User,1,5,0,0,0,0
5,98,mkykode/mka-add-mime-supports,mkykode,mka-add-mime-supports,User,1,5,0,0,0,0
5,99,Ohar/woocommerce_rrp,ohar,woocommerce_rrp,User,1,13,0,0,0,0
6,0,barryceelen/datepicker3000,barryceelen,datepicker3000,User,2,5,0,1,1,0
6,1,YoQuieroAyudar/wordpress-plugin-yoquieroayudar,yoquieroayudar,wordpress-plugin-yoquieroayudar,Organization,2,3,0,0,0,0
6,2,nirmankarta/LifeSupport,nirmankarta,lifesupport,Organization,1,5,0,0,0,0
6,3,yoanmarchal/map-plugin,yoanmarchal,map-plugin,User,6,72,26,0,1,0
6,4,lonelyplanet/append-file-hash,lonelyplanet,append-file-hash,Organization,1,10,0,0,0,0
6,5,UusWeb-ee/WS-Contact-Form,uusweb-ee,ws-contact-form,Organization,1,12,0,0,0,0
6,6,fstiehle/wp-plugin-social-profile-links,fstiehle,wp-plugin-social-profile-links,User,1,30,0,0,0,0
6,7,suifengtec/WP-Responsive-Tables,suifengtec,wp-responsive-tables,User,1,7,0,0,0,0
6,8,UCF/UCF-Header-Plugin,ucf,ucf-header-plugin,Organization,3,20,2,4,3,0
6,9,asheabbott/wordpress-custom-post-types-taxonomies,asheabbott,wordpress-custom-post-types-taxonomies,User,1,4,0,0,0,0
6,10,LittleBlackBook/lbb-social,littleblackbook,lbb-social,Organization,1,2,0,0,0,0
6,11,mkykode/mka-enable-shortcodes-widget,mkykode,mka-enable-shortcodes-widget,User,1,3,0,0,0,0
6,12,bobbingwide/Genesis-footer-widgets,bobbingwide,genesis-footer-widgets,User,1,10,0,6,3,0
6,13,andrewklimek/debug-log,andrewklimek,debug-log,User,1,3,0,0,0,0
6,14,ITechGenie/genie-wp-matrimony,itechgenie,genie-wp-matrimony,Organization,1,27,3,1,1,0
6,15,webmandesign/rtl-tester-mirror,webmandesign,rtl-tester-mirror,User,1,7,0,0,0,0
6,16,andrewklimek/modalmonger,andrewklimek,modalmonger,User,1,9,0,0,0,0
6,17,Ohar/wc-field-buy-price,ohar,wc-field-buy-price,User,1,16,0,0,0,0
6,18,sehrgutesoftware/wp-site-plugin,sehrgutesoftware,wp-site-plugin,Organization,2,12,0,0,0,0
6,19,MasuqaT-NET/Plugin-LaVerdaLuno,masuqat-net,plugin-laverdaluno,Organization,1,1,0,0,0,0
6,20,WebberZone/top-10-fast-tracker,webberzone,top-10-fast-tracker,Organization,1,29,1,0,0,0
6,21,knitkode/customize-plus-premium,knitkode,customize-plus-premium,Organization,2,8,0,0,0,0
6,22,speedyprem/wordpress,speedyprem,wordpress,User,1,15,0,0,0,0
6,23,UCF/UCF-Events-Plugin,ucf,ucf-events-plugin,Organization,9,108,22,13,33,69
6,24,saad-malik-codes/verifyGSC,saad-malik-codes,verifygsc,User,1,5,0,0,0,0
6,25,digisz/bandcommanderWPplugin,digisz,bandcommanderwpplugin,User,1,11,0,4,0,0
6,26,zentala/woocommerce-getresponse-sync,zentala,woocommerce-getresponse-sync,User,1,7,0,0,0,0
6,27,stephenyeargin/wp-mytwitterstatus,stephenyeargin,wp-mytwitterstatus,User,1,3,0,0,0,0
6,28,ankurk91/wp-version-faker,ankurk91,wp-version-faker,User,1,4,0,0,0,0
6,29,BenjaminMedia/wp-quiz-plugins,benjaminmedia,wp-quiz-plugins,Organization,4,58,29,0,2,0
6,30,Ohar/wc-field-vendor-url,ohar,wc-field-vendor-url,User,1,18,0,0,0,0
6,31,MITLibraries/wp-multisearch-widget,mitlibraries,wp-multisearch-widget,Organization,7,140,51,13,48,45
6,32,ecovillage/ev7l-events,ecovillage,ev7l-events,Organization,2,118,0,5,4,0
6,33,joydipnath/woo-product-custom-field,joydipnath,woo-product-custom-field,User,1,29,0,0,0,0
6,34,FPCSJames/wp-anti-detritus,fpcsjames,wp-anti-detritus,User,1,24,0,0,0,0
6,35,thoughtsideas/ti-security,thoughtsideas,ti-security,Organization,1,16,1,0,0,0
6,36,UCF/UCF-Degree-Search-Plugin,ucf,ucf-degree-search-plugin,Organization,6,279,61,39,67,138
6,37,UCF/UCF-Degree-CPT-Plugin,ucf,ucf-degree-cpt-plugin,Organization,7,380,83,30,88,191
6,38,UCF/UCF-News-Plugin,ucf,ucf-news-plugin,Organization,8,215,54,20,59,121
6,39,arnonerba/formulate,arnonerba,formulate,User,1,54,0,1,0,0
